id;title;category main ;category second;seo;ISBN;Price;arthur;year;fourthwall_url;image 
1;Essentials of Nursing Research Appraising Evidence for Nursing Practice 10th Edition;Medical & Nursing;;Access Essentials of Nursing Research Appraising Evidence for Nursing Practice 10th Edition by Denise F. Polit, Cheryl Tatano Beck – a comprehensive digital resource for Medical & Nursing students and professionals. Instant access available.;9781975171667;$9,99;Denise F. Polit, Cheryl Tatano Beck;2020;https://bookandread.store/products/essentials-of-nursing-research-appraising-evidence-for-nursing-practice-10th-edition;Essentials-of-Nursing-Research-Appraising-Evidence-for-Nursing-Practice-10th-Edition-Polit-Beck.jpeg
2;Lilley's Pharmacology for Canadian Health Care Practice 4th Edition;Medical & Nursing;;Access Lilley's Pharmacology for Canadian Health Care Practice 4th Edition by Kara Sealock, Cydnee Seneviratne, Linda Lane Lilley, Julie S. Snyder – a comprehensive digital resource for Medical & Nursing students and professionals. Instant access available.;9780323694803;$9,99;Kara Sealock, Cydnee Seneviratne, Linda Lane Lilley, Julie S. Snyder;2020;https://bookandread.store/products/lilleys-pharmacology-for-canadian-health-care-practice-4th-edition;Lilleys-Pharmacology-for-Canadian-Health-Care-Practice-4th-Edition.jpeg
3;Medical Terminology Made Easy;Medical & Nursing;;Access Medical Terminology Made Easy by Simon Grace – a comprehensive digital resource for Medical & Nursing students and professionals. Instant access available.;9798850193386;$9,99;Simon Grace;2023;https://bookandread.store/products/medical-terminology-made-easy;Medical-Terminology-Made-Easy-Simon-Grace.jpeg
4;Nursing Diagnosis Handbook An Evidence-Based Guide to Planning Care 12th Edition;Medical & Nursing;;Access Nursing Diagnosis Handbook An Evidence-Based Guide to Planning Care 12th Edition by Betty J. Ackley, Gail B. Ladwig, Mary Beth Flynn Makic, Marina Martinez-Kratz, Melody Zanotti – a comprehensive digital resource for Medical & Nursing students and professionals. Instant access available.;9780323551120;$9,99;Betty J. Ackley, Gail B. Ladwig, Mary Beth Flynn Makic, Marina Martinez-Kratz, Melody Zanotti;2020;https://bookandread.store/products/nursing-diagnosis-handbook-an-evidence-based-guide-to-planning-care-12th-edition;Nursing-Diagnosis-Handbook-An-Evidence-Based-Guide-to-Planning-Care-12th-Edition.jpeg
5;The Nexus between Nursing and Patient Safety | Oster & Braaten | Patient Safety;Medical & Nursing;;Access The Nexus between Nursing and Patient Safety by Cynthia A. Oster, Jane S. Braaten – a comprehensive digital resource for Medical & Nursing students and professionals. Instant access available.;9783031531583;$9,99;Cynthia A. Oster, Jane S. Braaten;2024;https://bookandread.store/products/the-nexus-between-nursing-and-patient-safety-oster-braaten-patient-safety;The-Nexus-between-Nursing-and-Patient-Safety-Cynthia-A-Oster-Jane-S-Braaten.jpeg
6;Ackley and Ladwig's Nursing Diagnosis Handbook 13th Edition;Medical & Nursing;;Access Ackley and Ladwig's Nursing Diagnosis Handbook 13th Edition by Mary Beth Flynn Makic, Marina Martinez-Kratz – a comprehensive digital resource for Medical & Nursing students and professionals. Instant access available.;9780323776837;$9,99;Mary Beth Flynn Makic, Marina Martinez-Kratz;2023;https://bookandread.store/products/ackley-and-ladwigs-nursing-diagnosis-handbook-13th-edition;Ackley-and-Ladwigs-Nursing-Diagnosis-Handbook-13th-Edition.jpeg
7;Brunner & Suddarth's Textbook of Medical-Surgical Nursing Second South Asian Edition;Medical & Nursing;;"Access Brunner & Suddarth's Textbook of Medical-Surgical Nursing Second South Asian Edition by Suresh K. Sharma, S. Madhavi (SAE Editors); Janice L. Hinkle, Kerry H. Cheever (International Editors) – a comprehensive digital resource for Medical & Nursing students and professionals. Instant access available.";9789393553287;$9,99;"Suresh K. Sharma, S. Madhavi (SAE Editors); Janice L. Hinkle, Kerry H. Cheever (International Editors)";2022;https://bookandread.store/products/brunner-suddarths-textbook-of-medical-surgical-nursing-second-south-asian-edition;Brunner-and-Suddarths-Textbook-of-Medical-Surgical-Nursing-Second-South-Asian-Edition.jpeg
8;Basic Arrhythmias with 12-Lead EKGs 9th Edition;Medical & Nursing;;Access Basic Arrhythmias with 12-Lead EKGs 9th Edition by Gail Walraven – a comprehensive digital resource for Medical & Nursing students and professionals. Instant access available.;9780138164959;$9,99;Gail Walraven;2025;https://bookandread.store/products/basic-arrhythmias-with-12-lead-ekgs-9th-edition;Basic-Arrhythmias-with-12-Lead-EKGs-9th-Edition-Gail-Walraven.jpeg
9;Complementary Therapies in Nursing Promoting Integrative Care 9th Edition;Medical & Nursing;;Access Complementary Therapies in Nursing Promoting Integrative Care 9th Edition by Ruth Lindquist, Mary Fran Tracy, Mariah Snyder – a comprehensive digital resource for Medical & Nursing students and professionals. Instant access available.;9780826194992;$9,99;Ruth Lindquist, Mary Fran Tracy, Mariah Snyder;2023;https://bookandread.store/products/complementary-therapies-in-nursing-promoting-integrative-care-9th-edition;Complementary Therapies in Nursing Promoting Integrative Care 9th Edition-Lindquist.jpeg
10;Canadian Fundamentals of Nursing Sixth Edition;Medical & Nursing;;Access Canadian Fundamentals of Nursing Sixth Edition by Patricia A. Potter, Anne G. Perry, Patricia A. Stockert, Amy Hall, Barbara J. Astle, Wendy Duggleby – a comprehensive digital resource for Medical & Nursing students and professionals. Instant access available.;9781771721134;$9,99;Patricia A. Potter, Anne G. Perry, Patricia A. Stockert, Amy Hall, Barbara J. Astle, Wendy Duggleby;2019;https://bookandread.store/products/canadian-fundamentals-of-nursing-sixth-edition;Canadian-Fundamentals-of-Nursing-Sixth-Edition-Potter-Perry-Stockert-Hall-Astle-Duggleby.jpeg
11;Basic Pharmacology for Nurses 19th Edition;Medical & Nursing;;Access Basic Pharmacology for Nurses 19th Edition by Michelle J. Willihnganz, Samuel L. Gurevitz, Bruce D. Clayton – a comprehensive digital resource for Medical & Nursing students and professionals. Instant access available.;9780323812566;$9,99;Michelle J. Willihnganz, Samuel L. Gurevitz, Bruce D. Clayton;2022;https://bookandread.store/products/basic-pharmacology-for-nurses-19th-edition;Basic-Pharmacology-for-Nurses-19th-Edition-Willihnganz-Gurevitz-Clayton.jpeg
12;CCRN Critical Care Nursing Certification Exam 2024-2025;Medical & Nursing;;Access CCRN Critical Care Nursing Certification Exam 2024-2025 by Nicole Kupchik – a comprehensive digital resource for Medical & Nursing students and professionals. Instant access available.;9780997834949;$9,99;Nicole Kupchik;2025;https://bookandread.store/products/ccrn-critical-care-nursing-certification-exam-2024-2025;CCRN-Critical-Care-Nursing-Certification-Exam-2024-2025.jpeg
13;Comprehensive Neonatal Nursing Care 7th Edition;Medical & Nursing;;Access Comprehensive Neonatal Nursing Care 7th Edition by Carole Kenner, Leslie Altimier, Marina V. Boykova – a comprehensive digital resource for Medical & Nursing students and professionals. Instant access available.;9780826147431;$9,99;Carole Kenner, Leslie Altimier, Marina V. Boykova;2026;https://bookandread.store/products/comprehensive-neonatal-nursing-care-7th-edition;Comprehensive-Neonatal-Nursing-Care-7th-Edition-Kenner-Altimier-Boykova.jpeg
14;Code of Ethics for Nurses with Interpretive Statements;Medical & Nursing;;Access Code of Ethics for Nurses with Interpretive Statements by American Nurses Association – a comprehensive digital resource for Medical & Nursing students and professionals. Instant access available.;9781963052244;$9,99;American Nurses Association;2025;https://bookandread.store/products/code-of-ethics-for-nurses-with-interpretive-statements;Code-of-Ethics-for-Nurses-with-Interpretive-Statements-American-Nurses-Association.jpeg
15;Collins-Bride & Saxe's Clinical Guidelines for Advanced Practice Nursing Fourth Edition;Medical & Nursing;;Access Collins-Bride & Saxe's Clinical Guidelines for Advanced Practice Nursing Fourth Edition by Yoonmee Joo, J. V. Gatewood, Mary Anne M. Israel, Kelly Wong McGrath, Rebecca Neuwirth – a comprehensive digital resource for Medical & Nursing students and professionals. Instant access available.;9781284272147;$9,99;Yoonmee Joo, J. V. Gatewood, Mary Anne M. Israel, Kelly Wong McGrath, Rebecca Neuwirth;2024;https://bookandread.store/products/collins-bride-saxes-clinical-guidelines-for-advanced-practice-nursing-fourth-edition;Collins-Bride-and-Saxes-Clinical-Guidelines-for-Advanced-Practice-Nursing-4th-Edition.jpeg
16;Community/Public Health Nursing Promoting the Health of Populations 8th Edition;Medical & Nursing;;Access Community/Public Health Nursing Promoting the Health of Populations 8th Edition by Mary A. Nies, Melanie McEwen – a comprehensive digital resource for Medical & Nursing students and professionals. Instant access available.;9780323870285;$9,99;Mary A. Nies, Melanie McEwen;2024;https://bookandread.store/products/community-public-health-nursing-promoting-the-health-of-populations-8th-edition;Community-Public-Health-Nursing-Promoting-the-Health-of-Populations-8th-Edition-Nies-McEwen.jpeg
17;Conceptual Foundations The Bridge to Professional Nursing Practice 7th Edition;Medical & Nursing;;Access Conceptual Foundations The Bridge to Professional Nursing Practice 7th Edition by Elizabeth E. Friberg – a comprehensive digital resource for Medical & Nursing students and professionals. Instant access available.;9780323594608;$9,99;Elizabeth E. Friberg;2019;https://bookandread.store/products/conceptual-foundations-the-bridge-to-professional-nursing-practice-7th-edition;Conceptual-Foundations-The-Bridge-to-Professional-Nursing-Practice-7th-Edition-Elizabeth-Friberg.jpeg
18;Davis's Canadian Drug Guide for Nurses 18th Edition;Medical & Nursing;;Access Davis's Canadian Drug Guide for Nurses 18th Edition by April Hazard Vallerand, Cynthia A. Sanoski – a comprehensive digital resource for Medical & Nursing students and professionals. Instant access available.;9781719646420;$9,99;April Hazard Vallerand, Cynthia A. Sanoski;2022;https://bookandread.store/products/daviss-canadian-drug-guide-for-nurses-18th-edition;Davis-Canadian-Drug-Guide-for-Nurses-18th-Edition-Vallerand-Sanoski.jpeg
19;Davis Advantage for Maternal-Child Nursing Care 3rd Edition;Medical & Nursing;;Access Davis Advantage for Maternal-Child Nursing Care 3rd Edition by Meredith Scannell, Kristine Ruggiero – a comprehensive digital resource for Medical & Nursing students and professionals. Instant access available.;9781719640985;$9,99;Meredith Scannell, Kristine Ruggiero;2022;https://bookandread.store/products/davis-advantage-for-maternal-child-nursing-care-3rd-edition;Davis-Advantage-for-Maternal-Child-Nursing-Care-3rd-Edition-Scannell-Ruggiero.jpeg
20;Davis Advantage for Basic Nursing Thinking Doing and Caring 3rd Edition;Medical & Nursing;;Access Davis Advantage for Basic Nursing Thinking Doing and Caring 3rd Edition by Leslie S. Treas, Karen L. Barnett, Mable H. Smith – a comprehensive digital resource for Medical & Nursing students and professionals. Instant access available.;9781719642071;$9,99;Leslie S. Treas, Karen L. Barnett, Mable H. Smith;2022;https://bookandread.store/products/davis-advantage-for-basic-nursing-thinking-doing-and-caring-3rd-edition;Davis-Advantage-for-Basic-Nursing-Thinking-Doing-and-Caring-3rd-Edition-Treas-Barnett-Smith.jpeg
21;Davis's Drug Guide for Nurses 17th Edition;Medical & Nursing;;Access Davis's Drug Guide for Nurses 17th Edition by April Hazard Vallerand, Cynthia A. Sanoski – a comprehensive digital resource for Medical & Nursing students and professionals. Instant access available.;9781719640053;$9,99;April Hazard Vallerand, Cynthia A. Sanoski;2021;https://bookandread.store/products/daviss-drug-guide-for-nurses-17th-edition;Davis-Drug-Guide-for-Nurses-17th-Edition-Vallerand-Sanoski.jpeg
22;The ESC Textbook of Cardiovascular Nursing;Medical & Nursing;;Access The ESC Textbook of Cardiovascular Nursing by Catriona Jennings, Felicity Astin, Donna Fitzsimons, Ekaterini Lambrinou, Lis Neubeck, David R. Thompson – a comprehensive digital resource for Medical & Nursing students and professionals. Instant access available.;9780198849315;$9,99;Catriona Jennings, Felicity Astin, Donna Fitzsimons, Ekaterini Lambrinou, Lis Neubeck, David R. Thompson;2022;https://bookandread.store/products/the-esc-textbook-of-cardiovascular-nursing;The-ESC-Textbook-of-Cardiovascular-Nursing-Catriona-Jennings-Felicity-Astin-Donna-Fitzsimons-Ekaterini-Lambrinou-Lis-Neubeck-David-R-Thompson.jpeg
23;First Aid Clinical Algorithms for the USMLE Step 2 CK;Medical & Nursing;;Access First Aid Clinical Algorithms for the USMLE Step 2 CK by Jonathan Kramer-Feldman, Linda Jiang – a comprehensive digital resource for Medical & Nursing students and professionals. Instant access available.;9781264270132;$9,99;Jonathan Kramer-Feldman, Linda Jiang;2024;https://bookandread.store/products/first-aid-clinical-algorithms-for-the-usmle-step-2-ck;First-Aid-Clinical-Algorithms-for-the-USMLE-Step-2-CK.jpeg
24;Essential Law and Ethics in Nursing: Patients, Rights and Decision-Making 4th Edition;Medical & Nursing;;Access Essential Law and Ethics in Nursing: Patients, Rights and Decision-Making 4th Edition by Paul Buka – a comprehensive digital resource for Medical & Nursing students and professionals. Instant access available.;9781032944456;$9,99;Paul Buka;2026;https://bookandread.store/products/essential-law-and-ethics-in-nursing-patients-rights-and-decision-making-4th-edition;Essential-Law-and-Ethics-in-Nursing-Patients-Rights-and-Decision-Making-4th-Edition-Paul-Buka.jpeg
25;Evidence-Based Practice in Nursing & Healthcare 5th Edition;Medical & Nursing;;Access Evidence-Based Practice in Nursing & Healthcare 5th Edition by Bernadette Mazurek Melnyk, Ellen Fineout-Overholt – a comprehensive digital resource for Medical & Nursing students and professionals. Instant access available.;9781975185725;$9,99;Bernadette Mazurek Melnyk, Ellen Fineout-Overholt;2023;https://bookandread.store/products/evidence-based-practice-in-nursing-healthcare-5th-edition;evidence-based-practicing-nursing-healthcare-5th-edition
26;First Aid for the USMLE Step 2 CK 11th Edition;Medical & Nursing;;Access First Aid for the USMLE Step 2 CK 11th Edition by Tao Le, Vikas Bhushan, Mona Ascha, Abhishek Bhardwaj, Marina Boushra, Daniel Griffin – a comprehensive digital resource for Medical & Nursing students and professionals. Instant access available.;9781264855100;$9,99;Tao Le, Vikas Bhushan, Mona Ascha, Abhishek Bhardwaj, Marina Boushra, Daniel Griffin;2023;https://bookandread.store/products/first-aid-for-the-usmle-step-2-ck-11th-edition;First-Aid-for-the-USMLE-Step-2-CK-11th-Edition.jpeg
27;First Aid for the USMLE Step 1 2025-2026;Medical & Nursing;;Access First Aid for the USMLE Step 1 2025-2026 by NewGrade Publication – a comprehensive digital resource for Medical & Nursing students and professionals. Instant access available.;9798307608432;$9,99;NewGrade Publication;2025;https://bookandread.store/products/first-aid-for-the-usmle-step-1-2025-2026;First-Aid-for-the-USMLE-Step-1-2025-2026-NewGrade-Publication.jpeg
28;Fundamentals of Anatomy and Physiology For Nursing and Healthcare Students 2nd Edition;Medical & Nursing;;Access Fundamentals of Anatomy and Physiology For Nursing and Healthcare Students 2nd Edition by Ian Peate, Muralitharan Nair – a comprehensive digital resource for Medical & Nursing students and professionals. Instant access available.;9781119055525;$9,99;Ian Peate, Muralitharan Nair;2016;https://bookandread.store/products/fundamentals-of-anatomy-and-physiology-for-nursing-and-healthcare-students-2nd-edition;Fundamentals-of-Anatomy-and-Physiology-For-Nursing-and-Healthcare-Students-2nd-Edition-Peate-Nair.jpeg
29;Fundamentals of Nursing and Midwifery Research Second Edition;Medical & Nursing;;Access Fundamentals of Nursing Research and Midwifery Research Second Edition by Lisa McKenna, Beverley Copnell – a comprehensive digital resource for Medical & Nursing students and professionals. Instant access available.;9781003833000;$9,99;Lisa McKenna, Beverley Copnell;2024;https://bookandread.store/products/fundamentals-of-nursing-and-midwifery-research-second-edition;Fundamentals-of-Nursing-and-Midwifery-Research-Second-Edition-McKenna-Copnell.jpeg
30;HESI Comprehensive Review for the NCLEX-RN Examination 6th Edition;Medical & Nursing;;Access HESI Comprehensive Review for the NCLEX-RN Examination 6th Edition by HESI (E. Tina Cuellar, Editor) – a comprehensive digital resource for Medical & Nursing students and professionals. Instant access available.;9780323582476;$9,99;HESI (E. Tina Cuellar, Editor);2020;https://bookandread.store/products/hesi-comprehensive-review-for-the-nclex-rn-examination-6th-edition;HESI-Comprehensive-Review-for-the-NCLEX-RN-Examination-6th-Edition.jpeg
31;Fundamentals of Nursing Active Learning for Collaborative Practice 3rd Edition;Medical & Nursing;;Access Fundamentals of Nursing Active Learning for Collaborative Practice 3rd Edition by Barbara L. Yoost, Lynne R. Crawford – a comprehensive digital resource for Medical & Nursing students and professionals. Instant access available.;9780323828130;$9,99;Barbara L. Yoost, Lynne R. Crawford;2022;https://bookandread.store/products/fundamentals-of-nursing-active-learning-for-collaborative-practice-3rd-edition;Fundamentals-of-Nursing-Active-Learning-for-Collaborative-Practice-3rd-Edition-Yoost-Crawford.jpeg
32;Johns Hopkins Evidence-Based Practice for Nurses and Healthcare Professionals 5th Edition;Medical & Nursing;;Access Johns Hopkins Evidence-Based Practice for Nurses and Healthcare Professionals 5th Edition by Kim Bissett, Judith Ascenzi, Madeleine Whalen – a comprehensive digital resource for Medical & Nursing students and professionals. Instant access available.;9781646481880;$9,99;Kim Bissett, Judith Ascenzi, Madeleine Whalen;2025;https://bookandread.store/products/johns-hopkins-evidence-based-practice-for-nurses-and-healthcare-professionals-5th-edition;Johns-Hopkins-Evidence-Based-Practice-for-Nurses-and-Healthcare-Professionals-5th-Edition-Bissett-Ascenzi-Whalen.jpeg
33;Kozier & Erb's Fundamentals of Nursing Concepts, Process, and Practice 11th Edition;Medical & Nursing;;Access Kozier & Erb's Fundamentals of Nursing Concepts, Process, and Practice 11th Edition by Audrey Berman, Shirlee Snyder, Geralyn Frandsen – a comprehensive digital resource for Medical & Nursing students and professionals. Instant access available.;9781292359793;$9,99;Audrey Berman, Shirlee Snyder, Geralyn Frandsen;2022;https://bookandread.store/products/kozier-erbs-fundamentals-of-nursing-concepts-process-and-practice-11th-edition;Kozier-and-Erbs-Fundamentals-of-Nursing-Concepts-Process-and-Practice-11th-Edition.jpeg
34;Interpersonal Relationships Professional Communication Skills for Nurses 9th Edition;Medical & Nursing;;Access Interpersonal Relationships Professional Communication Skills for Nurses 9th Edition by Kathleen Underman Boggs – a comprehensive digital resource for Medical & Nursing students and professionals. Instant access available.;9780323871419;$9,99;Kathleen Underman Boggs;2022;https://bookandread.store/products/interpersonal-relationships-professional-communication-skills-for-nurses-9th-edition;Interpersonal-Relationships-Professional-Communication-Skills-for-Nurses-9th-Edition-Kathleen-Underman-Boggs.jpeg
35;Johns Hopkins Evidence-Based Practice for Nurses and Healthcare Professionals 4th Edition;Medical & Nursing;;Access Johns Hopkins Evidence-Based Practice for Nurses and Healthcare Professionals 4th Edition by Deborah Dang, Sandra L. Dearholt, Kim Bissett, Judith Ascenzi, Madeleine Whalen – a comprehensive digital resource for Medical & Nursing students and professionals. Instant access available.;9781948057882;$9,99;Deborah Dang, Sandra L. Dearholt, Kim Bissett, Judith Ascenzi, Madeleine Whalen;2021;https://bookandread.store/products/johns-hopkins-evidence-based-practice-for-nurses-and-healthcare-professionals-4th-edition;Johns-Hopkins-Evidence-Based-Practice-for-Nurses-and-Healthcare-Professionals-4th-Edition.jpeg
36;Lab Values for Nurses Must Know Labs with Easy Memorization Tricks and Nursing Implications;Medical & Nursing;;Access Lab Values for Nurses Must Know Labs with Easy Memorization Tricks and Nursing Implications by Gabriel J. Connor – a comprehensive digital resource for Medical & Nursing students and professionals. Instant access available.;9798593252470;$9,99;Gabriel J. Connor;2021;https://bookandread.store/products/lab-values-for-nurses-must-know-labs-with-easy-memorization-tricks-and-nursing-implications;Lab-Values-for-Nurses-Must-Know-Labs-with-Easy-Memorization-Tricks-and-Nursing-Implications-Dr-Gabriel-J-Connor.jpeg
37;Lehne's Pharmacology for Nursing Care 10th Edition;Medical & Nursing;;Access Lehne's Pharmacology for Nursing Care 10th Edition by Jacqueline Rosenjack Burchum, Laura D. Rosenthal – a comprehensive digital resource for Medical & Nursing students and professionals. Instant access available.;9780323512275;$9,99;Jacqueline Rosenjack Burchum, Laura D. Rosenthal;2019;https://bookandread.store/products/lehnes-pharmacology-for-nursing-care-10th-edition;Lehnes-Pharmacology-for-Nursing-Care-10th-Edition-Burchum-Rosenthal.jpeg
38;Kaplan Medical Assistant Exam Prep Eighth Edition;Medical & Nursing;;Access Kaplan Medical Assistant Exam Prep Eighth Edition by Kaplan Nursing – a comprehensive digital resource for Medical & Nursing students and professionals. Instant access available.;9781506278193;$9,99;Kaplan Nursing;2022;https://bookandread.store/products/kaplan-medical-assistant-exam-prep-eighth-edition;Kaplan-Medical-Assistant-Exam-Prep-Eighth-Edition.jpeg
39;Mosby's Drug Guide for Nursing Students 14th Edition;Medical & Nursing;;Access Mosby's Drug Guide for Nursing Students 14th Edition by Linda Skidmore-Roth – a comprehensive digital resource for Medical & Nursing students and professionals. Instant access available.;9780323694056;$9,99;Linda Skidmore-Roth;2020;https://bookandread.store/products/mosbys-drug-guide-for-nursing-students-14th-edition;Mosbys-Drug-Guide-for-Nursing-Students-14th-Edition.jpeg
40;Mosby's Textbook for Nursing Assistants 10th Edition;Medical & Nursing;;Access Mosby's Textbook for Nursing Assistants 10th Edition by Sheila A. Sorrentino, Leighann Remmert – a comprehensive digital resource for Medical & Nursing students and professionals. Instant access available.;9780323655606;$9,99;Sheila A. Sorrentino, Leighann Remmert;2020;https://bookandread.store/products/mosbys-textbook-for-nursing-assistants-10th-edition;Mosbys-Textbook-for-Nursing-Assistants-10th-Edition.jpeg
41;Myles Textbook for Midwives 17th Edition;Medical & Nursing;;Access Myles Textbook for Midwives 17th Edition by Jayne E. Marshall, Maureen D. Raynor – a comprehensive digital resource for Medical & Nursing students and professionals. Instant access available.;9780702076442;$9,99;Jayne E. Marshall, Maureen D. Raynor;2020;https://bookandread.store/products/myles-textbook-for-midwives-17th-edition;Myles-Textbook-for-Midwives-17th-Edition.jpeg
42;Nurse Practitioner Certification Exam Prep 7th Edition;Medical & Nursing;;Access Nurse Practitioner Certification Exam Prep 7th Edition by Margaret A. Fitzgerald – a comprehensive digital resource for Medical & Nursing students and professionals. Instant access available.;9781719649827;$9,99;Margaret A. Fitzgerald;2025;https://bookandread.store/products/nurse-practitioner-certification-exam-prep-7th-edition;Nurse-Practitioner-Certification-Exam-Prep-7th-Edition-Margaret-A-Fitzgerald.jpeg
43;Nursing Diagnosis Handbook An Evidence-Based Guide to Planning Care 10th Edition;Medical & Nursing;;Access Nursing Diagnosis Handbook An Evidence-Based Guide to Planning Care 10th Edition by Betty J. Ackley, Gail B. Ladwig – a comprehensive digital resource for Medical & Nursing students and professionals. Instant access available.;9780323085496;$9,99;Betty J. Ackley, Gail B. Ladwig;2014;https://bookandread.store/products/nursing-diagnosis-handbook-an-evidence-based-guide-to-planning-care-10th-edition;Nursing-Diagnosis-Handbook-An-Evidence-Based-Guide-to-Planning-Care-10th-Edition-Ackley-Ladwig.jpeg
44;Netter's Anatomy Coloring Book 2nd Edition;Medical & Nursing;;Access Netter's Anatomy Coloring Book 2nd Edition by John T. Hansen – a comprehensive digital resource for Medical & Nursing students and professionals. Instant access available.;9780323545037;$9,99;John T. Hansen;2019;https://bookandread.store/products/netters-anatomy-coloring-book-2nd-edition;Netters-Anatomy-Coloring-Book-2nd-Edition-John-T-Hansen.jpeg
45;Nurse Practitioner Certification Exam Prep Sixth Edition;Medical & Nursing;;Access Nurse Practitioner Certification Exam Prep Sixth Edition by Margaret A. Fitzgerald – a comprehensive digital resource for Medical & Nursing students and professionals. Instant access available.;9780803677128;$9,99;Margaret A. Fitzgerald;2021;https://bookandread.store/products/nurse-practitioner-certification-exam-prep-sixth-edition;Nurse-Practitioner-Certification-Exam-Prep-Sixth-Edition.jpeg
46;Nursing Diagnosis Handbook 2 Books in 1;Medical & Nursing;;Access Nursing Diagnosis Handbook 2 Books in 1 by Nurse Academy – a comprehensive digital resource for Medical & Nursing students and professionals. Instant access available.;9798718241648;$9,99;Nurse Academy;2021;https://bookandread.store/products/nursing-diagnosis-handbook-2-books-in-1;Nursing-Diagnosis-Handbook-2-Books-in-1.jpeg
47;Nursing Practice Knowledge and Care 3rd Edition;Medical & Nursing;;Access Nursing Practice Knowledge and Care 3rd Edition by Ian Peate, Aby Mitchell – a comprehensive digital resource for Medical & Nursing students and professionals. Instant access available.;9781119800750;$9,99;Ian Peate, Aby Mitchell;2022;https://bookandread.store/products/nursing-practice-knowledge-and-care-3rd-edition;Nursing-Practice-Knowledge-and-Care-3rd-Edition-Peate-Mitchell.jpeg
48;Nursing Leadership Management and Professional Practice for the LPN/LVN 7th Edition;Medical & Nursing;;Access Nursing Leadership Management and Professional Practice for the LPN/LVN 7th Edition by Tamara R. Dahlkemper – a comprehensive digital resource for Medical & Nursing students and professionals. Instant access available.;9781719645812;$9,99;Tamara R. Dahlkemper;2021;https://bookandread.store/products/nursing-leadership-management-and-professional-practice-for-the-lpn-lvn-7th-edition;Nursing-Leadership-Management-and-Professional-Practice-for-the-LPN-LVN-7th-Edition-Tamara-R-Dahlkemper.jpeg
49;Oxford Handbook of Adult Nursing 3rd Edition;Medical & Nursing;;Access Oxford Handbook of Adult Nursing 3rd Edition by Maria Flynn, Stella Kenrick, Peter Noon – a comprehensive digital resource for Medical & Nursing students and professionals. Instant access available.;9780198905417;$9,99;Maria Flynn, Stella Kenrick, Peter Noon;2026;https://bookandread.store/products/oxford-handbook-of-adult-nursing-3rd-edition;Oxford-Handbook-of-Adult-Nursing-3rd-Edition.jpeg
50;Oxford Handbook of Diabetes Nursing 2nd Edition;Medical & Nursing;;Access Oxford Handbook of Diabetes Nursing 2nd Edition by Nicola Milne, Teffy Thomas – a comprehensive digital resource for Medical & Nursing students and professionals. Instant access available.;9780198831846;$9,99;Nicola Milne, Teffy Thomas;2025;https://bookandread.store/products/oxford-handbook-of-diabetes-nursing-2nd-edition;Oxford-Handbook-of-Diabetes-Nursing-2nd-Edition-Nicola-Milne-Teefy-Thomas.jpeg
51;Nursing School Entrance Exams Prep 10th Edition Kaplan Nursing School Exam Guide;Medical & Nursing;;Access Nursing School Entrance Exams Prep 10th Edition Kaplan Nursing School Exam Guide by Kaplan Publishing – a comprehensive digital resource for Medical & Nursing students and professionals. Instant access available.;9781506290362;$9,99;Kaplan Publishing;2023;https://bookandread.store/products/nursing-school-entrance-exams-prep-10th-edition-kaplan-nursing-school-exam-guide;Nursing-School-Entrance-Exams-Prep-10th-Edition.jpeg
52;Pharmacology A Patient-Centered Nursing Process Approach 10th Edition;Medical & Nursing;;Access Pharmacology A Patient-Centered Nursing Process Approach 10th Edition by Linda E. McCuistion, Kathleen Vuljoin DiMaggio, Mary B. Winton, Jennifer J. Yeager – a comprehensive digital resource for Medical & Nursing students and professionals. Instant access available.;9780323642477;$9,99;Linda E. McCuistion, Kathleen Vuljoin DiMaggio, Mary B. Winton, Jennifer J. Yeager;2021;https://bookandread.store/products/pharmacology-a-patient-centered-nursing-process-approach-10th-edition;Pharmacology-A-Patient-Centered-Nursing-Process-Approach-10th-Edition-Linda-E-McCuistion-Kathleen-Vuljoin-DiMaggio-Mary-B-Winton-Jennifer-J-Yeager.jpeg
53;Fundamentals of Pathology 2023 Edition;Medical & Nursing;;Access Fundamentals of Pathology 2023 Edition by Husain A. Sattar – a comprehensive digital resource for Medical & Nursing students and professionals. Instant access available.;9780983224631;$9,99;Husain A. Sattar;2023;https://bookandread.store/products/fundamentals-of-pathology-2023-edition;Fundamentals-of-Pathology-2023-Edition-Husain-A-Sattar.jpeg
54;Oxford Handbook of Emergency Nursing 3rd Edition;Medical & Nursing;;Access Oxford Handbook of Emergency Nursing 3rd Edition by Robert Crouch, Alan Charters, Mary Dawood, Paula Bennett, Julia Gamston – a comprehensive digital resource for Medical & Nursing students and professionals. Instant access available.;9780198866381;$9,99;Robert Crouch, Alan Charters, Mary Dawood, Paula Bennett, Julia Gamston;2023;https://bookandread.store/products/oxford-handbook-of-emergency-nursing-3rd-edition;Oxford-Handbook-of-Emergency-Nursing-3rd-Edition.jpeg
55;Pathophysiology, Physical Assessment, & Pharmacology Advanced Integrative Clinical Concepts;Medical & Nursing;;Access Pathophysiology, Physical Assessment, & Pharmacology Advanced Integrative Clinical Concepts by Janie T. Best, Grace Buttriss, Annette Hines – a comprehensive digital resource for Medical & Nursing students and professionals. Instant access available.;9780803675674;$9,99;Janie T. Best, Grace Buttriss, Annette Hines;2022;https://bookandread.store/products/pathophysiology-physical-assessment-pharmacology-advanced-integrative-clinical-concepts;Pathophysiology-Physical-Assessment-and-Pharmacology-Advanced-Integrative-Clinical-Concepts.jpeg
56;Procedure Checklists for Wilkinson's Fundamentals of Nursing 5th Edition;Medical & Nursing;;Access Procedure Checklists for Wilkinson's Fundamentals of Nursing 5th Edition by Leslie S. Treas, Karen L. Barnett, Mable H. Smith – a comprehensive digital resource for Medical & Nursing students and professionals. Instant access available.;9781719651493;$9,99;Leslie S. Treas, Karen L. Barnett, Mable H. Smith;2023;https://bookandread.store/products/procedure-checklists-for-wilkinsons-fundamentals-of-nursing-5th-edition;Procedure-Checklists-for-Wilkinsons-Fundamentals-of-Nursing-5th-Edition.jpeg
57;Physical Examination and Health Assessment 8th Edition;Medical & Nursing;;Access Physical Examination and Health Assessment 8th Edition by Carolyn Jarvis, Ann Eckhardt – a comprehensive digital resource for Medical & Nursing students and professionals. Instant access available.;9780323510806;$9,99;Carolyn Jarvis, Ann Eckhardt;2020;https://bookandread.store/products/physical-examination-and-health-assessment-8th-edition;Physical-Examination-and-Health-Assessment-8th-Edition-Jarvis-Eckhardt.jpeg
58;Primary Care The Art and Science of Advanced Practice Nursing 6th Edition;Medical & Nursing;;Access Primary Care The Art and Science of Advanced Practice Nursing 6th Edition by Lynne M. Dunphy, Jill E. Winland-Brown, Brian Oscar Porter, Debera J. Thomas – a comprehensive digital resource for Medical & Nursing students and professionals. Instant access available.;9781719644655;$9,99;Lynne M. Dunphy, Jill E. Winland-Brown, Brian Oscar Porter, Debera J. Thomas;2022;https://bookandread.store/products/primary-care-the-art-and-science-of-advanced-practice-nursing-6th-edition;Primary-Care-The-Art-and-Science-of-Advanced-Practice-Nursing-6th-Edition.jpeg
59;Pharmacology for Nurses A Pathophysiological Approach 3rd Canadian Edition;Medical & Nursing;;Access Pharmacology for Nurses A Pathophysiological Approach 3rd Canadian Edition by Michael Patrick Adams, Carol Quam Urban, Rebecca E. Sutter, Mohamed El-Hussein, Joseph Osuji – a comprehensive digital resource for Medical & Nursing students and professionals. Instant access available.;9780135562826;$9,99;Michael Patrick Adams, Carol Quam Urban, Rebecca E. Sutter, Mohamed El-Hussein, Joseph Osuji;2020;https://bookandread.store/products/pharmacology-for-nurses-a-pathophysiological-approach-3rd-canadian-edition;Pharmacology-for-Nurses-A-Pathophysiological-Approach-3rd-Canadian-Edition-Michael-Patrick-Adams-Carol-Quam-Urban.jpeg
60;Nutritional Healing A Practical A-to-Z Reference to Drug-Free Remedies 6th Edition;Herbal & Alternative Medicine;;Access Nutritional Healing A Practical A-to-Z Reference to Drug-Free Remedies 6th Edition by Phyllis A. Balch – a comprehensive digital resource for Herbal & Alternative Medicine students and professionals. Instant access available.;9780593420614;$9,99;Phyllis A. Balch;2023;https://bookandread.store/products/nutritional-healing-a-practical-a-to-z-reference-to-drug-free-remedies-6th-edition;Nutritional-Healing-6th-Edition-Phyllis-A-Balch.jpeg
61;Psychiatric-Mental Health Nurse Practitioner Program Companion and Board Certification Exam Review Workbook;Psychology & Counseling;;Access Psychiatric-Mental Health Nurse Practitioner Program Companion and Board Certification Exam Review Workbook by Trae Stewart – a comprehensive digital resource for Psychology & Counseling students and professionals. Instant access available.;9783031608940;$9,99;Trae Stewart;2024;https://bookandread.store/products/psychiatric-mental-health-nurse-practitioner-program-companion;Psychiatric-Mental Health Nurse Practitioner Program Companion and Board Certification Exam Review Workbook.jpeg
62;Psychiatric-Mental Health Nurse Practitioner Review and Resource Manual 4th Edition;Psychology & Counseling;;Access Psychiatric-Mental Health Nurse Practitioner Review and Resource Manual 4th Edition by Kathryn Johnson, Dawn Vanderhoef – a comprehensive digital resource for Psychology & Counseling students and professionals. Instant access available.;9781935213796;$9,99;Kathryn Johnson, Dawn Vanderhoef;2016;https://bookandread.store/products/psychiatric-mental-health-nurse-practitioner-review-and-resource-manual-4th-edition;Psychiatric-Mental Health Nurse Practitioner Review and Resource Manual-4th-Edition.jpeg
63;Saunders Comprehensive Review for the NCLEX-RN Examination 8th Edition;Medical & Nursing;;Access Saunders Comprehensive Review for the NCLEX-RN Examination 8th Edition by Linda Anne Silvestri, Angela E. Silvestri – a comprehensive digital resource for Medical & Nursing students and professionals. Instant access available.;9780323358415;$9,99;Linda Anne Silvestri, Angela E. Silvestri;2019;https://bookandread.store/products/saunders-comprehensive-review-for-the-nclex-rn-examination-8th-edition;Saunders-Comprehensive-Review-for-the-NCLEX-RN-Examination-8th-Edition-Silvestri.jpeg
64;Lewis's Medical-Surgical Nursing in Canada Assessment and Management of Clinical Problems 5th Edition;Medical & Nursing;;Access Lewis's Medical-Surgical Nursing in Canada Assessment and Management of Clinical Problems 5th Edition by Jane Tyerman, Shelley L. Cobbett, Mariann M. Harding, Jeffrey Kwong, Dottie Roberts, Debra Hagler, Courtney Reinisch – a comprehensive digital resource for Medical & Nursing students and professionals. Instant access available.;9780323791564;$9,99;Jane Tyerman, Shelley L. Cobbett, Mariann M. Harding, Jeffrey Kwong, Dottie Roberts, Debra Hagler, Courtney Reinisch;2023;https://bookandread.store/products/lewiss-medical-surgical-nursing-in-canada-5th-edition;Lewis-s-Medical-Surgical-Nursing-in-Canada-5th-Edition.jpeg
65;Textbook of Mental Health/Psychiatric Nursing for BSc Nursing Students 2nd Edition;Psychology & Counseling;;Access Textbook of Mental Health/Psychiatric Nursing for BSc Nursing Students 2nd Edition by P. Prakash – a comprehensive digital resource for Psychology & Counseling students and professionals. Instant access available.;9789394525184;$9,99;P. Prakash;2024;https://bookandread.store/products/textbook-of-mental-health-psychiatric-nursing-2nd-edition;Textbook-of-Mental-Health-Psychiatric-Nursing-for-BSc-Nursing-Students-2nd-Edition-P-Prakash.jpeg
66;Telephone Triage Protocols for Nurses 6th Edition;Medical & Nursing;;Access Telephone Triage Protocols for Nurses 6th Edition by Julie K. Briggs – a comprehensive digital resource for Medical & Nursing students and professionals. Instant access available.;9781975136895;$9,99;Julie K. Briggs;2020;https://bookandread.store/products/telephone-triage-protocols-for-nurses-6th-edition;Telephone-Triage-Protocols-for-Nurses-6th-Edition-Julie-K-Briggs.jpeg
67;Varcarolis's Canadian Psychiatric Mental Health Nursing 3rd Edition;Psychology & Counseling;;Access Varcarolis's Canadian Psychiatric Mental Health Nursing 3rd Edition by Cheryl L. Pollard, Sonya L. Jakubec – a comprehensive digital resource for Psychology & Counseling students and professionals. Instant access available.;9780323778794;$9,99;Cheryl L. Pollard, Sonya L. Jakubec;2022;https://bookandread.store/products/varcaroliss-canadian-psychiatric-mental-health-nursing-3rd-edition;Varcaroliss-Canadian-Psychiatric-Mental-Health-Nursing-3rd-Edition-Pollard-Jakubec.jpeg
68;A Textbook of Community Nursing 3rd Edition;Medical & Nursing;;Access A Textbook of Community Nursing 3rd Edition by Sue Chilton, Heather Bain – a comprehensive digital resource for Medical & Nursing students and professionals. Instant access available.;9781032381176;$9,99;Sue Chilton, Heather Bain;2025;https://bookandread.store/products/a-textbook-of-community-nursing-3rd-edition;A-Textbook-of-Community-Nursing-3rd-Edition-Chilton-Bain.jpeg
69;2024-2025 Basic and Clinical Science Course Section 12 Retina and Vitreous;Medical & Nursing;;Access 2024-2025 Basic and Clinical Science Course Section 12 Retina and Vitreous by American Academy of Ophthalmology – a comprehensive digital resource for Medical & Nursing students and professionals. Instant access available.;9781681047942;$9,99;American Academy of Ophthalmology;2024;https://bookandread.store/products/2024-2025-basic-and-clinical-science-course-section-12-retina-and-vitreous;2024-2025-Basic-and-Clinical-Science-Course-Section-12-Retina-and-Vitreous.jpeg
70;2022 Nurse's Drug Handbook;Medical & Nursing;;Access 2022 Nurse's Drug Handbook by Jones & Bartlett Learning – a comprehensive digital resource for Medical & Nursing students and professionals. Instant access available.;9781284258905;$9,99;Jones & Bartlett Learning;2021;https://bookandread.store/products/2022-nurses-drug-handbook-jones-bartlett-learning-nursing-drug-guide;2022-Nurse-Drug-Handbook-Jones-Bartlett-Learning.jpeg
71;Anesthesia for Oncological Surgery;Medical & Nursing;;Access Anesthesia for Oncological Surgery by Jeffrey Huang, Jiapeng Huang, Henry Liu (Editors) – a comprehensive digital resource for Medical & Nursing students and professionals. Instant access available.;9783031509759;$9,99;Jeffrey Huang, Jiapeng Huang, Henry Liu (Editors);2024;https://bookandread.store/products/anesthesia-for-oncological-surgery;Anesthesia-for-Oncological-Surgery.jpeg
72;Fundamentals of Nursing 10th Edition;Medical & Nursing;;Access Fundamentals of Nursing 10th Edition by Patricia A. Potter, Anne Griffin Perry, Patricia A. Stockert, Amy M. Hall – a comprehensive digital resource for Medical & Nursing students and professionals. Instant access available.;9780323677721;$9,99;Patricia A. Potter, Anne Griffin Perry, Patricia A. Stockert, Amy M. Hall;2020;https://bookandread.store/products/fundamentals-of-nursing-10th-edition;Fundamentals-of-Nursing-10th-Edition.jpeg
73;The SAGE Encyclopedia of Lifespan Human Development;Psychology & Counseling;;Access The SAGE Encyclopedia of Lifespan Human Development by Marc H. Bornstein (Editor), Martha E. Arterberry, Karen L. Fingerman, Jennifer E. Lansford – a comprehensive digital resource for Psychology & Counseling students and professionals. Instant access available.;9781506307657;$9,99;Marc H. Bornstein (Editor), Martha E. Arterberry, Karen L. Fingerman, Jennifer E. Lansford;2018;https://bookandread.store/products/the-sage-encyclopedia-of-lifespan-human-development;The-SAGE-Encyclopedia-of-Lifespan-Human-Development.jpeg
74;Nursing Diagnosis Handbook: An Evidence-Based Guide to Planning Care 11th Edition;Medical & Nursing;;Access Nursing Diagnosis Handbook: An Evidence-Based Guide to Planning Care 11th Edition by Betty J. Ackley, Gail B. Ladwig, Mary Beth Flynn Makic – a comprehensive digital resource for Medical & Nursing students and professionals. Instant access available.;9780323322249;$9,99;Betty J. Ackley, Gail B. Ladwig, Mary Beth Flynn Makic;2016;https://bookandread.store/products/nursing-diagnosis-handbook-an-evidence-based-guide-to-planning-care-11th-edition;Nursing-Diagnosis-Handbook-11th-Edition.jpeg
75;Encyclopedia of Vitamins: New Research (4 Volume Set);Natural Sciences;;Access Encyclopedia of Vitamins: New Research (4 Volume Set) by Lindsey Valdez (Editor) – a comprehensive digital resource for Natural Sciences students and professionals. Instant access available.;9781536156935;$9,99;Lindsey Valdez (Editor);2019;https://bookandread.store/products/encyclopedia-of-vitamins-new-research-4-volume-set;Encyclopedia-of-Vitamins-New-Research.jpeg
76;Security Analysis: Principles and Technique 7th Edition;Business & Career;;Access Security Analysis: Principles and Technique 7th Edition by Benjamin Graham, David L. Dodd, Seth A. Klarman, Warren E. Buffett – a comprehensive digital resource for Business & Career students and professionals. Instant access available.;9781264932405;$9,99;Benjamin Graham, David L. Dodd, Seth A. Klarman, Warren E. Buffett;2023;https://bookandread.store/products/security-analysis-principles-and-technique-7th-edition;Security-Analysis-Principles-and-Technique-7th-Edition.jpeg
77;Explicit Instruction: Effective and Efficient Teaching;Education;;Access Explicit Instruction: Effective and Efficient Teaching by Anita L. Archer, Charles A. Hughes – a comprehensive digital resource for Education students and professionals. Instant access available.;9781609180416;$9,99;Anita L. Archer, Charles A. Hughes;2011;https://bookandread.store/products/explicit-instruction-effective-and-efficient-teaching;Explicit-Instruction-Effective-and-Efficient-Teaching.jpeg
78;The Literature Review: Six Steps to Success 4th Edition;Education;;Access The Literature Review: Six Steps to Success 4th Edition by Lawrence A. Machi, Brenda T. McEvoy – a comprehensive digital resource for Education students and professionals. Instant access available.;9781071852903;$9,99;Lawrence A. Machi, Brenda T. McEvoy;2022;https://bookandread.store/products/statistics-for-the-behavioral-sciences-10th-edition;The-Literature-Review-Six-Steps-to-Success-4th-Edition.jpeg
79;Statistics for the Behavioral Sciences 10th Edition;Psychology & Counseling;;Access Statistics for the Behavioral Sciences 10th Edition by Frederick J. Gravetter, Larry B. Wallnau – a comprehensive digital resource for Psychology & Counseling students and professionals. Instant access available.;9781305504912;$9,99;Frederick J. Gravetter, Larry B. Wallnau;2017;https://bookandread.store/products/statistics-for-the-behavioral-sciences-10th-edition;Statistics-for-the-Behavioral-Sciences-10th-Edition.jpeg
80;Organic Chemistry as a Second Language: First Semester Topics 5th Edition;Natural Sciences;;Access Organic Chemistry as a Second Language: First Semester Topics 5th Edition by David Klein – a comprehensive digital resource for Natural Sciences students and professionals. Instant access available.;9781119493464;$9,99;David Klein;2020;https://bookandread.store/products/organic-chemistry-as-a-second-language-first-semester-topics-5th-edition;Organic-Chemistry-as-a-Second-Language-First-Semester-Topics-5th-Edition.jpeg
81;Fundamentals of Statistics: Informed Decisions Using Data 6th Edition;Business & Career;;Access Fundamentals of Statistics: Informed Decisions Using Data 6th Edition by Michael Sullivan III – a comprehensive digital resource for Business & Career students and professionals. Instant access available.;9780137377022;$9,99;Michael Sullivan III;2022;https://bookandread.store/products/fundamentals-of-statistics-informed-decisions-using-data-6th-edition;Fundamentals-of-Statistics-6th-Edition.jpeg
82;Research Methods in Psychology;Psychology & Counseling;;Access Research Methods in Psychology by Beth Morling – a comprehensive digital resource for Psychology & Counseling students and professionals. Instant access available.;9780393893724;$9,99;Beth Morling;2021;https://bookandread.store/products/research-methods-in-psychology;Research-Methods-in-Psychology.jpeg
83;Introductory Chemistry 6th Edition;Natural Sciences;;Access Introductory Chemistry 6th Edition by Nivaldo J. Tro – a comprehensive digital resource for Natural Sciences students and professionals. Instant access available.;9780134302386;$9,99;Nivaldo J. Tro;2017;https://bookandread.store/products/introductory-chemistry-6th-edition;Introductory-Chemistry-6th-Edition.jpeg
84;Engineering Mechanics: Statics 14th Edition;Engineering & Mathematics;;Access Engineering Mechanics: Statics 14th Edition by R. C. Hibbeler – a comprehensive digital resource for Engineering & Mathematics students and professionals. Instant access available.;9780133918922;$9,99;R. C. Hibbeler;2016;https://bookandread.store/products/engineering-mechanics-statics-14th-edition;Engineering-Mechanics-Statics-14th-Edition.jpeg
85;Davis Advantage for Basic Nursing: Thinking, Doing, and Caring 3rd Edition;Medical & Nursing;;Access Davis Advantage for Basic Nursing: Thinking, Doing, and Caring 3rd Edition by Leslie S. Treas, Karen L. Barnett, Mable H. Smith – a comprehensive digital resource for Medical & Nursing students and professionals. Instant access available.;9781719642071;$9,99;Leslie S. Treas, Karen L. Barnett, Mable H. Smith;2022;https://bookandread.store/products/davis-advantage-for-basic-nursing-thinking-doing-and-caring-3rd-edition-3;Davis-Advantage-for-Basic-Nursing-3rd-Edition.jpeg
86;The Fundamentals of Ethics 5th Edition;History & Humanities;;Access The Fundamentals of Ethics 5th Edition by Russ Shafer-Landau – a comprehensive digital resource for History & Humanities students and professionals. Instant access available.;9780190058319;$9,99;Russ Shafer-Landau;2020;https://bookandread.store/products/the-fundamentals-of-ethics-5th-edition;The-Fundamentals-of-Ethics-5th-Edition.jpeg
87;Reframing Organizations: Artistry, Choice, and Leadership 7th Edition;Business & Career;;Access Reframing Organizations: Artistry, Choice, and Leadership 7th Edition by Lee G. Bolman, Terrence E. Deal – a comprehensive digital resource for Business & Career students and professionals. Instant access available.;9781119756835;$9,99;Lee G. Bolman, Terrence E. Deal;2021;https://bookandread.store/products/reframing-organizations-artistry-choice-and-leadership-7th-edition;Reframing-Organizations-Artistry-Choice-and-Leadership-7th-Edition.jpeg
88;Everyone's an Author 4th Edition;Education;;Access Everyone's an Author 4th Edition by Andrea A. Lunsford, Michal Brody, Lisa Ede, et al. – a comprehensive digital resource for Education students and professionals. Instant access available.;9781324045106;$9,99;Andrea A. Lunsford, Michal Brody, Lisa Ede, et al.;2023;https://bookandread.store/products/everyones-an-author-4th-edition;Everyones-an-Author-4th-Edition.jpeg
89;Pocket Medicine: The Massachusetts General Hospital Handbook 8th Edition;Medical & Nursing;;Access Pocket Medicine: The Massachusetts General Hospital Handbook 8th Edition by Marc S. Sabatine (Editor) – a comprehensive digital resource for Medical & Nursing students and professionals. Instant access available.;9781975182991;$9,99;Marc S. Sabatine (Editor);2022;https://bookandread.store/products/pocket-medicine-the-massachusetts-general-hospital-handbook-8th-edition;Pocket-Medicine-8th-Edition.jpeg
90;Phlebotomy Essentials, Enhanced Seventh Edition;Medical & Nursing;;Access Phlebotomy Essentials, Enhanced Seventh Edition by Ruth E. McCall – a comprehensive digital resource for Medical & Nursing students and professionals. Instant access available.;9781284209945;$9,99;Ruth E. McCall;2020;https://bookandread.store/products/phlebotomy-essentials-enhanced-seventh-edition;Phlebotomy-Essentials-Enhanced-Seventh-Edition.jpeg
91;Psychotherapy for the Advanced Practice Psychiatric Nurse 3rd Edition;Psychology & Counseling;;Access Psychotherapy for the Advanced Practice Psychiatric Nurse 3rd Edition by Kathleen Wheeler – a comprehensive digital resource for Psychology & Counseling students and professionals. Instant access available.;9780826193797;$9,99;Kathleen Wheeler;2020;https://bookandread.store/products/psychotherapy-for-the-advanced-practice-psychiatric-nurse-3rd-edition;Psychotherapy-for-the-Advanced-Practice-Psychiatric-Nurse-3rd-Edition.jpeg
92;Rehab Science: How to Overcome Pain and Heal from Injury;Best Seller;;Access Rehab Science: How to Overcome Pain and Heal from Injury by Dr. Tom Walters, Glen Cordoza – a comprehensive digital resource for Best Seller students and professionals. Instant access available.;9781628601398;$9,99;Dr. Tom Walters, Glen Cordoza;2023;https://bookandread.store/products/rehab-science-how-to-overcome-pain-and-heal-from-injury;Rehab-Science-How-to-Overcome-Pain-and-Heal-from-Injury.jpeg
93;Systematic Theology: An Introduction to Biblical Doctrine 2nd Edition;History & Humanities;;Access Systematic Theology: An Introduction to Biblical Doctrine 2nd Edition by Wayne Grudem – a comprehensive digital resource for History & Humanities students and professionals. Instant access available.;9780310517979;$9,99;Wayne Grudem;2020;https://bookandread.store/products/systematic-theology-an-introduction-to-biblical-doctrine-2nd-edition;Systematic-Theology-An-Introduction-to-Biblical-Doctrine-2nd-Edition.jpeg
94;System Design Interview: An Insider's Guide 2nd Edition;Software & Computer Science;;Access System Design Interview: An Insider's Guide 2nd Edition by Alex Xu – a comprehensive digital resource for Software & Computer Science students and professionals. Instant access available.;9798664653403;$9,99;Alex Xu;2020;https://bookandread.store/products/system-design-interview-an-insiders-guide-2nd-edition;System-Design-Interview-An-Insiders-Guide-2nd-Edition.jpeg
95;The Anxious Generation: How the Great Rewiring of Childhood;Psychology & Counseling;;Access The Anxious Generation: How the Great Rewiring of Childhood by Jonathan Haidt – a comprehensive digital resource for Psychology & Counseling students and professionals. Instant access available.;9780593655030;$9,99;Jonathan Haidt;2024;https://bookandread.store/products/the-anxious-generation-how-the-great-rewiring-of-childhood;The-Anxious-Generation.jpeg
96;The Art of Public Speaking 13th Edition;Best Seller;;Access The Art of Public Speaking 13th Edition by Stephen E. Lucas – a comprehensive digital resource for Best Seller students and professionals. Instant access available.;9781260548099;$9,99;Stephen E. Lucas;2020;https://bookandread.store/products/the-art-of-public-speaking-13th-edition;The-Art-of-Public-Speaking-13th-Edition.jpeg
97;The Lost Book of Herbal Remedies;Herbal & Alternative Medicine;;Access The Lost Book of Herbal Remedies by Nicole Apelian, Claude Davis – a comprehensive digital resource for Herbal & Alternative Medicine students and professionals. Instant access available.;9798986954608;$9,99;Nicole Apelian, Claude Davis;2024;https://bookandread.store/products/the-lost-book-of-herbal-remedies;The-Lost-Book-of-Herbal-Remedies.jpeg
98;The Crystal Bible: A Definitive Guide to Crystals;Herbal & Alternative Medicine;;Access The Crystal Bible: A Definitive Guide to Crystals by Judy Hall – a comprehensive digital resource for Herbal & Alternative Medicine students and professionals. Instant access available.;9781841813615;$9,99;Judy Hall;2009;https://bookandread.store/products/the-crystal-bible-a-definitive-guide-to-crystals;The-Crystal-Bible.jpeg
99;The Norton Anthology of World Literature, Vol 1, 4th Edition;Bestseller Novels;;Access The Norton Anthology of World Literature, Vol 1, 4th Edition by Martin Puchner (Editor) – a comprehensive digital resource for Bestseller Novels students and professionals. Instant access available.;9780393602876;$9,99;Martin Puchner (Editor);2018;https://bookandread.store/products/the-norton-anthology-of-world-literature-vol-1-4th-edition;The-Norton-Anthology-of-World-Literature-Volume-1-Shorter-4th-Edition.jpeg
100;The Ultimate Guide to Body Recomposition;Natural Sciences;;Access The Ultimate Guide to Body Recomposition by Jeff Nippard, Chris Barakat – a comprehensive digital resource for Natural Sciences students and professionals. Instant access available.;9798620168255;$9,99;Jeff Nippard, Chris Barakat;2020;https://bookandread.store/products/the-ultimate-guide-to-body-recomposition;The-Ultimate-Guide-to-Body-Recomposition.jpeg
101;Designing Data-Intensive Applications;Software & Computer Science;;Access Designing Data-Intensive Applications by Martin Kleppmann – a comprehensive digital resource for Software & Computer Science students and professionals. Instant access available.;9781449373320;$9,99;Martin Kleppmann;2017;https://bookandread.store/products/designing-data-intensive-applications;Designing-Data-Intensive-Applications.jpeg
102;Netter's Atlas of Surgical Anatomy for CPT Coding;Medical & Nursing;;Access Netter's Atlas of Surgical Anatomy for CPT Coding by Sheri Poe Bernard – a comprehensive digital resource for Medical & Nursing students and professionals. Instant access available.;9781622020300;$9,99;Sheri Poe Bernard;2015;https://bookandread.store/products/netters-atlas-of-surgical-anatomy-for-cpt-coding;Netters-Atlas-of-Surgical-Anatomy-for-CPT-Coding.jpeg
103;Hidden Potential: The Science of Achieving Greater Things;Business & Career;;Access Hidden Potential: The Science of Achieving Greater Things by Adam Grant – a comprehensive digital resource for Business & Career students and professionals. Instant access available.;9780593653142;$9,99;Adam Grant;2023;https://bookandread.store/products/hidden-potential-the-science-of-achieving-greater-things;Hidden-Potential-The-Science-of-Achieving-Greater-Things.jpeg
104;How to Grow Practically Everything;Herbal & Alternative Medicine;;Access How to Grow Practically Everything by Zia Allaway, Lia Leendertz – a comprehensive digital resource for Herbal & Alternative Medicine students and professionals. Instant access available.;9780756633417;$9,99;Zia Allaway, Lia Leendertz;2010;https://bookandread.store/products/how-to-grow-practically-everything;How-to-Grow-Practically-Everything.jpeg
105;Multisensory Teaching of Basic Language Skills 4th Edition;;;;9781681252261;$9,99;Judith R. Birsh, Suzanne Carreker;2018;https://bookandread.store/products/multisensory-teaching-of-basic-language-skills-4th-edition;Multisensory-Teaching-of-Basic-Language-Skills-4th-Edition.jpeg
106;New Happy: Getting Happiness Right in a World That's Got It Wrong;;;;9780593541388;$9,99;Stephanie Harrison;2024;https://bookandread.store/products/new-happy-getting-happiness-right-in-a-world-thats-got-it-wrong;New-Happy-Getting-Happiness-Right-in-a-World-Thats-Got-It-Wrong.jpeg
107;Interior Design Illustrated 4th Edition;;;;9781119377207;$9,99;Francis D.K. Ching, Corky Binggeli;2018;https://bookandread.store/products/interior-design-illustrated-4th-edition;Interior-Design-Illustrated-4th-Edition.jpeg
108;Lewis's Medical-Surgical Nursing 11th Edition;;;;9780323551496;$9,99;Mariann M. Harding, Jeffrey Kwong, et al.;2019;https://bookandread.store/products/lewiss-medical-surgical-nursing-11th-edition;Lewiss-Medical-Surgical-Nursing-11th-Edition.jpeg
109;Milady Standard Cosmetology 14th Edition;;;;9780357378908;$9,99;Milady;2022;https://bookandread.store/products/milady-standard-cosmetology-14th-edition;Milady-Standard-Cosmetology-14th-Edition.jpeg
110;Medical Terminology for Health Professions 8th Edition;;;;9781337119474;$9,99;Ann Ehrlich, Carol L. Schroeder, et al.;2017;https://bookandread.store/products/medical-terminology-for-health-professions-8th-edition;Medical-Terminology-for-Health-Professions-8th-Edition.jpeg
111;NO GRID Survival Projects;;;;9781735481531;$9,99;Claude Davis Sr., Amber Robinson, James Walton;2021;https://bookandread.store/products/no-grid-survival-projects;NO-GRID-Survival-Projects.jpeg
112;Netter Atlas of Human Anatomy: A Systems Approach 8th Edition;;;;9780323760287;$12,99;Frank H. Netter;2022;https://bookandread.store/products/netter-atlas-of-human-anatomy-a-systems-approach-8th-edition;Netter-Atlas-of-Human-Anatomy-A-Systems-Approach-8th-Edition.jpeg
113;Brunner & Suddarth's Textbook of Medical-Surgical Nursing 14th Ed;;;;9781496347992;$9,99;Janice L. Hinkle, Kerry H. Cheever;2018;https://bookandread.store/products/brunner-suddarths-textbook-of-medical-surgical-nursing-14th-ed;Brunner-and-Suddarths-Textbook-of-Medical-Surgical-Nursing-14th-Edition.jpeg
114;Rapid Interpretation of EKG's 6th Edition;;;;9780912912066;$9,99;Dale Dubin;2010;https://bookandread.store/products/rapid-interpretation-of-ekgs-6th-edition;Rapid-Interpretation-of-EKGs-6th-Edition.jpeg
115;Pathophysiology: The Biologic Basis for Disease 8th Edition;;;;9780323583473;$9,99;Kathryn L. McCance, Sue E. Huether;2019;https://bookandread.store/products/pathophysiology-the-biologic-basis-for-disease-8th-edition;Pathophysiology-The-Biologic-Basis-for-Disease-8th-Edition.jpeg
116;The Norton Introduction to Literature, Shorter 14th Edition;;;;9780393886306;$9,99;Kelly J. Mays (Editor);2021;https://bookandread.store/products/the-norton-introduction-to-literature-shorter-14th-edition;The-Norton-Introduction-to-Literature-Shorter-14th-Edition.jpeg
117;Timelines of Everything;;;;9781465474933;$9,99;DK, Smithsonian Institution;2018;https://bookandread.store/products/timelines-of-everything;Timelines-of-Everything.jpeg
118;Toronto Notes 2022;;;;9781773059877;$9,99;Yuliya Lytvyn, Maleeha A. Qazi (Editors);2022;https://bookandread.store/products/toronto-notes-2022;Toronto-Notes-2022.jpeg
119;Bates' Guide to Physical Examination and History Taking 13th Ed;;;;9781975210533;$9,99;Lynn S. Bickley;2020;https://bookandread.store/products/bates-guide-to-physical-examination-and-history-taking-13th-ed;Bates-Guide-to-Physical-Examination-and-History-Taking-13th-Edition.jpeg
120;Advanced Practice Nursing 5th Edition;;;;9781284264661;$9,99;Susan M. DeNisco (Editor);2023;https://bookandread.store/products/advanced-practice-nursing-5th-edition;Advanced-Practice-Nursing-Essential-Knowledge-for-the-Profession-5th-Edition.jpeg
121;Harrison's Principles of Internal Medicine 20th Edition;;;;9781259644030;$9,99;J. Larry Jameson, Anthony S. Fauci, et al.;2018;https://bookandread.store/products/harrisons-principles-of-internal-medicine-20th-edition;Harrisons-Principles-of-Internal-Medicine-20th-Edition.jpeg
122;Elementary and Middle School Mathematics 10th Edition;;;;9780134802084;$9,99;John A. Van de Walle, Karen S. Karp, et al.;2019;https://bookandread.store/products/elementary-and-middle-school-mathematics-10th-edition;Elementary-and-Middle-School-Mathematics-10th-Edition.jpeg
123;Hands-On Machine Learning with Scikit-Learn 3rd Edition;;;;9781098125974;$9,99;Aurélien Géron;2022;https://bookandread.store/products/hands-on-machine-learning-with-scikit-learn-3rd-edition;Hands-On-Machine-Learning-with-Scikit-Learn-Keras-and-TensorFlow-3rd-Edition.jpeg
124;Guyton and Hall Textbook of Medical Physiology 15th Edition;;;;9780443113512;$9,99;John E. Hall, Michael E. Hall;2025;https://bookandread.store/products/guyton-and-hall-textbook-of-medical-physiology-15th-edition;Guyton-and-Hall-Textbook-of-Medical-Physiology-15th-Edition.jpeg
125;Human Biology 17th Edition (International Student Edition);;;;9781264407507;$9,99;Sylvia S. Mader, Michael Windelspecht;2022;https://bookandread.store/products/human-biology-17th-edition-international-student-edition;Human-Biology-17th-Edition-Sylvia-Mader-Michael-Windelspecht.jpeg
126;Fundamentals of Thermal-Fluid Sciences 6th Edition (International Student Edition);;;;9781264357642;$9,99;Yunus A. Cengel, John M. Cimbala, Afshin J. Ghajar;2022;https://bookandread.store/products/fundamentals-of-thermal-fluid-sciences-6th-edition-international-student-edition;Fundamentals-of-Thermal-Fluid-Sciences-6th-Edition-Cengel-Cimbala-Ghajar.jpeg
127;Glucose Revolution: The Life-Changing Power of Balancing Your Blood Sugar;;;;9781982179410;$5,99;Jessie Inchauspé;2022;https://bookandread.store/products/glucose-revolution-the-life-changing-power-of-balancing-your-blood-sugar;Glucose-Revolution-Jessie-Inchauspe.jpeg
128;Fungi: Discover the Science and Secrets Behind the World of Mushrooms;;;;9780241654507;$9,99;Lynne Boddy, Ali Ashby;2023;https://bookandread.store/products/fungi-discover-the-science-and-secrets-behind-the-world-of-mushrooms;Fungi-Discover-the-Science-and-Secrets-Behind-the-World-of-Mushrooms-Lynne-Boddy-Ali-Ashby.jpeg
129;Handbook of Assessment in Mindfulness Research;;;;9783031472190;$9,99;Oleg N. Medvedev, Christian U. Krägeloh, Richard J. Siegert, Nirbhay N. Singh;2025;https://bookandread.store/products/handbook-of-assessment-in-mindfulness-research;Handbook-of-Assessment-in-Mindfulness-Research-Medvedev-Krageloh-Siegert-Singh.jpeg
130;Handbook of Graphene: Technology and Innovation;;;;9781119469810;$9,99;Sulaiman Wadi Harun;2019;https://bookandread.store/products/handbook-of-graphene-technology-and-innovation;Handbook-of-Graphene-Technology-and-Innovation-Sulaiman-Wadi-Harun.jpeg
131;Hands-On Large Language Models: Language Understanding and Generation;;;;9781098150969;$9,99;Jay Alammar, Maarten Grootendorst;2024;https://bookandread.store/products/hands-on-large-language-models-language-understanding-and-generation;Hands-On-Large-Language-Models-Jay-Alammar-Maarten-Grootendorst.jpeg
132;Harper's Illustrated Biochemistry 32nd Edition;;;;9781260469950;$9,99;Peter J. Kennelly, Kathleen M. Botham, Owen P. McGuinness, Victor W. Rodwell, P. Anthony Weil;2023;https://bookandread.store/products/harpers-illustrated-biochemistry-32nd-edition;Harpers-Illustrated-Biochemistry-32nd-Edition-Kennelly-Botham-McGuinness-Rodwell-Weil.jpeg
133;Hands-On Machine Learning with Scikit-Learn and PyTorch;;;;9798341607989;$9,99;Aurélien Géron;2025;https://bookandread.store/products/hands-on-machine-learning-with-scikit-learn-and-pytorch;Hands-On-Machine-Learning-with-Scikit-Learn-and-PyTorch-Aurelien-Geron.jpeg
134;Hinman's Atlas of Urologic Surgery 5th Edition;;;;9780323936477;$9,99;Joseph A. Smith Jr., Glenn M. Preminger, Roger R. Dmochowski, John C. Thomas;2025;https://bookandread.store/products/hinmans-atlas-of-urologic-surgery-5th-edition;Hinmans-Atlas-of-Urologic-Surgery-5th-Edition-Joseph-Smith-Glenn-Preminger.jpeg
135;HVAC Design Sourcebook, Second Edition;;;;9781260457254;$9,99;W. Larsen Angel, P.E., LEED AP;2020;https://bookandread.store/products/hvac-design-sourcebook-second-edition;HVAC-Design-Sourcebook-Second-Edition-W-Larsen-Angel.jpeg
136;Thermodynamics: An Engineering Approach 10th Edition (International Student Edition);;;;9781266313240;$9,99;Yunus A. Cengel, Michael A. Boles, Mehmet Kanoglu;2024;https://bookandread.store/products/thermodynamics-an-engineering-approach-10th-edition-international-student-edition;Thermodynamics-An-Engineering-Approach-10th-Edition-Cengel-Boles-Kanoglu.jpeg
137;Janeway's Immunobiology, 10th Edition;;;;9780393884876;$9,99;Kenneth Murphy, Casey Weaver, Leslie Berg;2022;https://bookandread.store/products/janeways-immunobiology-10th-edition;Janeways-Immunobiology-10th-Edition-Kenneth-Murphy-Casey-Weaver-Leslie-Berg.jpeg
138;Manufacturing Engineering and Technology, 8th Edition in SI Units;;;;9789357054973;$9,99;Serope Kalpakjian, Steven R. Schmid, K. S. Vijay Sekar;2023;https://bookandread.store/products/manufacturing-engineering-and-technology-8th-edition-in-si-units;Manufacturing-Engineering-and-Technology-8th-Edition-SI-Units-Kalpakjian-Schmid.jpeg
139;Lean Learning: How to Achieve More by Learning Less;;;;9781668027653;$5,99;Pat Flynn;2025;https://bookandread.store/products/lean-learning-how-to-achieve-more-by-learning-less;Lean-Learning-How-to-Achieve-More-by-Learning-Less-Pat-Flynn.jpeg
140;LLMOps: Managing Large Language Models in Production;;;;9781098154165;$9,99;Abi Aryan;2025;https://bookandread.store/products/llmops-managing-large-language-models-in-production;LLMOps-Managing-Large-Language-Models-in-Production-Abi-Aryan.jpeg
141;Microbiology: An Introduction, 5th Edition;;;;9780805384963;$9,99;Gerard J. Tortora, Berdell R. Funke, Christine L. Case;1995;https://bookandread.store/products/microbiology-an-introduction-5th-edition;Microbiology-An-Introduction-5th-Edition-Tortora-Funke-Case.jpeg
142;Materials Chemistry, Fourth Edition;;;;9783031187841;$9,99;Bradley D. Fahlman;2023;https://bookandread.store/products/materials-chemistry-fourth-edition;Materials-Chemistry-Fourth-Edition-Bradley-D-Fahlman.jpeg
143;Kaplan MCAT Organic Chemistry Review 2026-2027: Online + Book;;;;9781506297484;$9,99;Kaplan Test Prep;2025;https://bookandread.store/products/kaplan-mcat-organic-chemistry-review-2026-2027-online-book;Kaplan-MCAT-Organic-Chemistry-Review-2026-2027-Online-Book.jpeg
144;McGee's Evidence-Based Physical Diagnosis 6th Edition;;;;9780443260810;$9,99;Steven McGee;2025;https://bookandread.store/products/mcgees-evidence-based-physical-diagnosis-6th-edition;McGees-Evidence-Based-Physical-Diagnosis-6th-Edition-Steven-McGee.jpeg
145;NFPA 70: National Electrical Code 2023;;;;9781455929368;$12,99;NFPA;2022;https://bookandread.store/products/nfpa-70-national-electrical-code-2023;NFPA-70-National-Electrical-Code-2023.jpeg
146;Molecular Cell Biology, Ninth Edition;;;;9781319365028;$9,99;Harvey Lodish, Arnold Berk, et al.;2021;https://bookandread.store/products/molecular-cell-biology-ninth-edition;Molecular-Cell-Biology-Ninth-Edition-Harvey-Lodish-Arnold-Berk-...-Amon.jpeg
147;NFPA 750: Standard on Water Mist Fire Protection Systems, 2023 Edition;;;;9781455929405;$12,99;NFPA;2022;https://bookandread.store/products/nfpa-750-standard-on-water-mist-fire-protection-systems-2023-edition;NFPA-750-Standard-on-Water-Mist-Fire-Protection-Systems-2023-Edition.jpeg
148;Prescott's Microbiology, Twelfth Edition (International Student Edition);;;;9781265732295;$9,99;Joanne M. Willey, Kathleen M. Sandman, Dorothy H. Wood;2022;https://bookandread.store/products/prescotts-microbiology-twelfth-edition-international-student-edition;Prescotts-Microbiology-12th-Edition-Joanne-Willey-Kathleen-Sandman-Dorothy-Wood.jpeg
149;Peptide Synthesis: Methods and Protocols;;;;9781071602270;$9,99;Waleed M. Hussein, Mariusz Skwarczynski, Istvan Toth;2020;https://bookandread.store/products/peptide-synthesis-methods-and-protocols;Peptide-Synthesis-Methods-and-Protocols-Hussein-Skwarczynski-Toth.jpeg
150;Fundamentals of Pathology: Medical Course and Step 1 Review, 2023 Edition;;;;9780983224631;$9,99;Husain A. Sattar;2023;https://bookandread.store/products/fundamentals-of-pathology-medical-course-and-step-1-review-2023-edition;Fundamentals-of-Pathology-Medical-Course-and-Step-1-Review-2023-Edition-Husain-A-Sattar.jpeg
151;Roark's Formulas for Stress and Strain, Ninth Edition;;;;9781260456547;$9,99;Richard G. Budynas, Ali M. Sadegh;2020;https://bookandread.store/products/roarks-formulas-for-stress-and-strain-ninth-edition;Roarks-Formulas-for-Stress-and-Strain-9th-Edition-Richard-Budynas-Ali-Sadegh.jpeg
152;Positive Psychology: The Scientific and Practical Explorations of Human Strengths, Fifth Edition;;;;9781071819227;$9,99;Jennifer Teramoto Pedrotti, et al.;2024;https://bookandread.store/products/positive-psychology-the-scientific-and-practical-explorations-of-human-strengths-fifth-edition;Positive-Psychology-The-Scientific-and-Practical-Explorations-of-Human-Strengths-5th-Edition-Jennifer-Teramoto-Pedrotti-Shane-J-Lopez-Ryon-C-McDermott-C-R-Snyder.jpeg
153;Prompt Engineering for Generative AI: Future-Proof Inputs for Reliable AI Outputs;;;;9781098153427;$9,99;James Phoenix, Mike Taylor;2024;https://bookandread.store/products/prompt-engineering-for-generative-ai-future-proof-inputs-for-reliable-ai-outputs;Prompt-Engineering-for-Generative-AI-James-Phoenix-Mike-Taylor.jpeg
154;Prompt Engineering for LLMs: The Art and Science of Building Large Language Model-Based Applications;;;;9781098156121;$9,99;John Berryman, Albert Ziegler;2024;https://bookandread.store/products/prompt-engineering-for-llms-the-art-and-science-of-building-large-language-model-based-applications;Prompt-Engineering-for-LLMs-The-Art-and-Science-of-Building-Large-Language-Model-Based-Applications-John-Berryman-Albert-Ziegler.jpeg
155;Psychology, 12th Edition;;;;9781319121631;$9,99;David G. Myers, C. Nathan DeWall;2017;https://bookandread.store/products/psychology-12th-edition;Psychology-12th-Edition-David-G-Myers-C-Nathan-DeWall.jpeg
156;Psychodynamic Diagnostic Manual, Third Edition (PDM-3);;;;9781462558735;$9,99;Vittorio Lingiardi, Nancy McWilliams;2025;https://bookandread.store/products/psychodynamic-diagnostic-manual-third-edition-pdm-3;Psychodynamic-Diagnostic-Manual-Third-Edition-PDM-3-Vittorio-Lingiardi-Nancy-McWilliams.jpeg
157;Shigley's Mechanical Engineering Design: 2024 Release (International Student Edition);;;;9781264675845;$9,99;J. Keith Nisbett, Richard G. Budynas;2024;https://bookandread.store/products/shigleys-mechanical-engineering-design-2024-release-international-student-edition;Shigleys-Mechanical-Engineering-Design-2024-Release-J-Keith-Nisbett-Richard-G-Budynas.jpeg
158;Biology of Spiders, Third Edition;;;;9780199813247;$9,99;Rainer F. Foelix;2011;https://bookandread.store/products/biology-of-spiders-third-edition;Biology-of-Spiders-Third-Edition-Rainer-F-Foelix.jpeg
159;Supramolecular Chemistry, Third Edition;;;;9781119582519;$9,99;Jonathan W. Steed, Jerry L. Atwood;2022;https://bookandread.store/products/supramolecular-chemistry-third-edition;Supramolecular-Chemistry-Third-Edition-Jonathan-W-Steed-Jerry-L-Atwood.jpeg
160;The Natural History Book: The Ultimate Visual Guide to Everything on Earth, New Edition;;;;9780241551509;$9,99;DK, Smithsonian Institution;2021;https://bookandread.store/products/the-natural-history-book-the-ultimate-visual-guide-to-everything-on-earth-new-edition;The-Natural-History-Book-Ultimate-Visual-Guide-Everything-Earth-New-Edition-DK.jpeg
161;The Oxford Handbook of Human Memory: Foundations and Applications;;;;9780190918019;$9,99;Michael J. Kahana, Anthony D. Wagner;2024;https://bookandread.store/products/the-oxford-handbook-of-human-memory-foundations-and-applications;The-Oxford-Handbook-of-Human-Memory-Michael-J-Kahana-Anthony-D-Wagner.jpeg
162;The Art of Spending Money: Simple Choices for a Richer Life;;;;9780593716632;$5,99;Morgan Housel;2025;https://bookandread.store/products/the-art-of-spending-money-simple-choices-for-a-richer-life;The-Art-of-Spending-Money-Simple-Choices-for-a-Richer-Life-Morgan-Housel.jpeg
163;The Laws of Human Nature;;;;9780698184541;$5,99;Robert Greene;2018;https://bookandread.store/products/the-laws-of-human-nature;The-Laws-of-Human-Nature-Robert-Greene.jpeg
164;Visualizing Generative AI: How AI Paints, Writes, and Assists;;;;9781098172268;$9,99;Priyanka Vergadia, Valliappa Lakshmanan;2025;https://bookandread.store/products/visualizing-generative-ai-how-ai-paints-writes-and-assists;Visualizing-Generative-AI-How-AI-Paints-Writes-and-Assists-Priyanka-Vergadia-Valliappa-Lakshmanan.jpeg
165;The Science of Reading: The Brain Science, Language Development, and Phonemic Awareness Behind the Movement;;;;9780241732847;$9,99;DK;2026;https://bookandread.store/products/the-science-of-reading-the-brain-science-language-development-and-phonemic-awareness-behind-the-movemen;The-Science-of-Reading-The-Brain-Science-Language-Development-and-Phonemic-Awareness-Behind-the-Movement-DK.jpeg
166;The Ultimate Somatic Therapy and IFS Workbook for PTSD and Emotional Healing: 66 Days Healing Plan;;;;9798317182632;$9,99;Inner Balance Publishing;2025;https://bookandread.store/products/the-ultimate-somatic-therapy-and-ifs-workbook-for-ptsd-and-emotional-healing-66-days-healing-plan;The-Ultimate-Somatic-Therapy-and-IFS-Workbook-for-PTSD-and-Emotional-Healing-66-Days-Inner-Balance-Publishing.jpeg
167;The World of Dinosaurs: An Illustrated Tour;;;;9780226622866;$6,99;Mark A. Norell;2019;https://bookandread.store/products/the-world-of-dinosaurs-an-illustrated-tour;The-World-of-Dinosaurs-An-Illustrated-Tour-Mark-A-Norell.jpeg
168;Campbell Biology, Twelfth Edition;;;;9780135858141;$9,99;Lisa A. Urry, et al.;2020;https://bookandread.store/products/campbell-biology-twelfth-edition;Campbell-Biology-12th-Edition-Lisa-Urry-Michael-Cain-Steven-Wasserman-Peter-Minorsky-Rebecca-Orr.jpeg
169;Biology of Bladder Cancer: From Molecular Insights to Clinical Strategies;;;;9783031685057;$9,99;Margaret A. Knowles, Lars Dyrskjřt;2024;https://bookandread.store/products/biology-of-bladder-cancer-from-molecular-insights-to-clinical-strategies;Biology-of-Bladder-Cancer-From-Molecular-Insights-to-Clinical-Strategies-Margaret-Knowles-Lars-Dyrskjot.jpeg
170;Chemistry: The Central Science, Expanded Edition, 15th Global Edition in SI Units;;;;9781292408774;$9,99;Theodore Brown, et al.;2021;https://bookandread.store/products/chemistry-the-central-science-expanded-edition-15th-global-edition-in-si-units;Chemistry-The-Central-Science-15th-Global-Edition-SI-Units-Expanded.jpeg
171;Building Applications with AI Agents: Designing and Implementing Multiagent Systems;;;;9781098176464;$9,99;Michael Albada;2025;https://bookandread.store/products/building-applications-with-ai-agents-designing-and-implementing-multiagent-systems;Building-Applications-with-AI-Agents-Designing-and-Implementing-Multiagent-Systems-Michael-Albada.jpeg
172;Cancer Detection and Diagnosis: A Handbook of Emerging Technologies;;;;9781040368640;$9,99;Miguel Ossandon, Ben Prickril, Avraham Rasooly;2025;https://bookandread.store/products/cancer-detection-and-diagnosis-a-handbook-of-emerging-technologies;Cancer-Detection-and-Diagnosis-A-Handbook-of-Emerging-Technologies-Miguel-Ossandon-Ben-Prickril-Avraham-Rasooly.jpeg
173;Competency Based Questions and Answers in Biochemistry for First MBBS Professional Examination;;;;9789390158997;$9,99;Belle Vijetha Shenoy;2020;https://bookandread.store/products/competency-based-questions-and-answers-in-biochemistry-for-first-mbbs-professional-examination;Competency-Based-Questions-and-Answers-in-Biochemistry-First-MBBS-Belle-Vijetha-Shenoy.jpeg
174;Current Medical Diagnosis & Treatment 2026, 65th Edition;;;;9781266643316;$9,99;Maxine A. Papadakis, Michael W. Rabow, Kenneth R. McQuaid;2025;https://bookandread.store/products/current-medical-diagnosis-treatment-2026-65th-edition;Current-Medical-Diagnosis-and-Treatment-2026-65th-Edition-Papadakis-Rabow-McQuaid.jpeg
175;Cognitive Processing Therapy for PTSD: A Comprehensive Therapist Manual, Second Edition;;;;9781462554287;$9,99;Patricia A. Resick, Candice M. Monson, Kathleen M. Chard;2024;https://bookandread.store/products/cognitive-processing-therapy-for-ptsd-a-comprehensive-therapist-manual-second-edition;Cognitive-Processing-Therapy-for-PTSD-Second-Edition-A-Comprehensive-Therapist-Manual-Patricia-Resick-Candice-Monson-Kathleen-Chard.jpeg
176;Encyclopedia of Plants & Flowers, New Edition;;;;9780241430507;$9,99;Christopher Brickell;2019;https://bookandread.store/products/encyclopedia-of-plants-flowers-new-edition;Encyclopedia-of-Plants-and-Flowers-New-Edition-Christopher-Brickell.jpeg
177;Deep Learning for the Life Sciences: Applying Deep Learning to Genomics, Microscopy, Drug Discovery & More;;;;9781492039785;$9,99;Bharath Ramsundar, et al.;2019;https://bookandread.store/products/deep-learning-for-the-life-sciences-applying-deep-learning-to-genomics-microscopy-drug-discovery-more;Deep-Learning-for-the-Life-Sciences-Applying-Deep-Learning-to-Genomics-Microscopy-Drug-Discovery-and-More-Bharath-Ramsundar-Peter-Eastman-Patrick-Walters-Vijay-Pande.jpeg
178;Dark Matters: Harmonizing Our Circadian Rhythms to Optimize Health and Well-Being;;;;9780197639979;$9,99;Randy J. Nelson;2025;https://bookandread.store/products/dark-matters-harmonizing-our-circadian-rhythms-to-optimize-health-and-well-being;Dark-Matters-Harmonizing-Our-Circadian-Rhythms-to-Optimize-Health-and-Well-Being-Randy-J-Nelson.jpeg
179;Encyclopedia of Aquarium and Pond Fish, Third Edition;;;;9781465499653;$9,99;David Alderton;2019;https://bookandread.store/products/encyclopedia-of-aquarium-and-pond-fish-third-edition;DK-Encyclopedia-of-Aquarium-and-Pond-Fish-Third-Edition-David-Alderton.jpeg
180;Electronic Principles, Ninth Edition (International Student Edition);;;;9781260447989;$9,99;Albert Malvino, David Bates, Patrick Hoppe;2020;https://bookandread.store/products/electronic-principles-ninth-edition-international-student-edition;Electronic-Principles-9th-Edition-International-Student-Edition-Albert-Malvino-David-Bates-Patrick-Hoppe.jpeg
181;Essential Cell Biology, Fifth Edition;;;;9780393680393;$9,99;Bruce Alberts, et al.;2019;https://bookandread.store/products/essential-cell-biology-fifth-edition;Essential-Cell-Biology-Fifth-Edition-Bruce-Alberts-Karen-Hopkin-Alexander-Johnson-David-Morgan-Martin-Raff-Keith-Roberts-Peter-Walter.jpeg
182;Foundations of College Chemistry, 15th Edition;;;;9781119862062;$9,99;Morris Hein, Susan Arena, Cary Willard;2016;https://bookandread.store/products/foundations-of-college-chemistry-15th-edition;Foundations-of-College-Chemistry-15th-Edition-Morris-Hein-Susan-Arena-Cary-Willard.jpeg
183;Evolutionary Psychology: An Introduction, Fifth Edition;;;;9781009452915;$6,99;Lance Workman, Will Reader;2025;https://bookandread.store/products/evolutionary-psychology-an-introduction-fifth-edition;Evolutionary-Psychology-An-Introduction-Fifth-Edition-Lance-Workman-Will-Reader.jpeg
184;Essential Cell Biology, Sixth Edition;;;;9781324033486;$9,99;Bruce Alberts, et al.;2023;https://bookandread.store/products/essential-cell-biology-sixth-edition;Essential-Cell-Biology-Sixth-Edition-Bruce-Alberts-Rebecca-Heald-Karen-Hopkin-Alexander-Johnson-David-Morgan-Keith-Roberts-Peter-Walter.jpeg
185;Evolutionary Psychology: The New Science of the Mind, Sixth Edition;;;;9780429590061;$6,99;David M. Buss;2019;https://bookandread.store/products/evolutionary-psychology-the-new-science-of-the-mind-sixth-edition;Evolutionary-Psychology-The-New-Science-of-the-Mind-Sixth-Edition-David-M-Buss.jpeg
